gen#;sumfit;avgfit;minfit;maxfit
1;1711.83;85.5913;68.8418;103.906
2;2382.97;119.149;37.9884;223.819
3;3367.73;168.387;0;524.327
1;1656.86;82.8431;68.9237;94.899
2;2186.87;109.343;34.9464;215.755
3;1679.14;83.9569;22.5441;247.085
4;1582.29;79.1146;3.02808;247.085
5;1808.12;90.4061;0;246.165
1;1728.03;86.4016;66.6241;103.16
2;2142.84;107.142;39.1206;216.14
3;2858.1;142.905;29.0158;414.071
4;2193.47;109.674;29.0158;215.099
5;2852.99;142.65;17.2874;327.381
6;2125.4;106.27;17.2874;201.163
7;2201.12;110.056;11.1708;267.223
8;1996.76;99.8379;11.1708;309.131
9;1808.51;90.4257;11.1708;287.787
10;1836.43;91.8213;8.75918;287.787
11;1153.08;57.6542;8.75918;201.053
12;889.213;44.4606;8.75918;105.354
13;1017.33;50.8663;5.53441;138.922
14;1115.87;55.7933;5.53441;113.244
15;746.478;37.3239;5.53441;99.6235
16;567.143;28.3571;4.93688;90.8686
17;480.234;24.0117;4.93688;42.7066
18;490.308;24.5154;4.3324;62.9075
19;515.14;25.757;2.64434;134.927
20;451.35;22.5675;2.24628;71.9921
21;364.594;18.2297;1.41049;42.9073
22;357.667;17.8834;1.41049;52.0935
23;252.531;12.6266;1.41049;50.7565
24;141.035;7.05173;1.41049;24.4932
25;224.808;11.2404;1.26223;35.711
26;179.717;8.98584;1.26223;25.2052
27;107.453;5.37264;1.26223;10.6711
28;94.5281;4.72641;1.26223;16.6626
29;99.2626;4.96313;1.26223;20.2284
30;83.1456;4.15728;1.06475;17.1284
31;42.9243;2.14622;1.06475;4.51005
32;48.9952;2.44976;0.91079;5.23712
33;51.2268;2.56134;0.91079;5.58408
34;53.6946;2.68473;0.91079;10.779
35;40.0265;2.00132;0.91079;4.41084
36;36.1253;1.80627;0.91079;4.00828
37;30.5827;1.52913;0.91079;2.69861
38;25.7296;1.28648;0.91079;2.00629
39;25.3743;1.26871;0.823155;1.97549
40;23.7;1.185;0.371288;1.67317
41;23.8956;1.19478;0.371288;1.59499
42;22.6668;1.13334;0.371288;1.34867
43;20.9805;1.04903;0.371288;1.5318
44;20.1169;1.00584;0.371288;1.36736
45;18.3091;0.915454;0.371288;1.11103
46;18.664;0.933201;0;1.17167
1;1718.04;85.9019;74.0829;101.04
2;2102.87;105.143;38.0891;238.258
3;2529.92;126.496;22.6686;518.097
4;2169.28;108.464;21.4711;508.897
5;2239.79;111.99;0;418.926
1;1659.56;82.9779;67.8506;106.933
2;1894.12;94.7058;29.8549;203.751
3;2196.95;109.847;29.8549;229.191
4;2564.31;128.216;27.7668;502.814
5;2198.15;109.908;25.7717;311.146
6;3183.41;159.17;25.7717;458.089
7;3807.45;190.372;17.0798;569.757
8;3513.71;175.686;17.0027;555.332
9;4278.53;213.926;3.69611;555.332
10;3961.92;198.096;3.69611;559.418
11;3881.98;194.099;3.69611;559.418
12;3772.53;188.626;3.69611;555.332
13;2346.02;117.301;3.69611;312.468
14;2644.28;132.214;3.69611;635.674
15;3030.14;151.507;3.69611;665.274
16;2842.73;142.136;0;919.827
1;1638.52;81.9261;70.9125;92.0627
2;2232.51;111.626;36.3464;210.48
3;2719.57;135.978;18.5421;524.067
4;2913.39;145.669;18.5421;451.07
5;1605.59;80.2793;15.2575;236.732
6;1277.36;63.8679;15.2575;197.149
7;1347.51;67.3753;11.801;207.715
8;963.555;48.1777;11.801;132.561
9;937.866;46.8933;1.78112;180.365
10;931.022;46.5511;1.78112;158.294
11;792.938;39.6469;1.78112;151.454
12;581.856;29.0928;1.78112;92.9439
13;511.654;25.5827;1.78112;68.9507
14;371.411;18.5706;1.57;70.8363
15;373.118;18.6559;1.08386;64.1789
16;249.396;12.4698;1.08386;47.5224
17;143.635;7.18177;1.08386;47.6615
18;107.234;5.36171;1.08386;15.4074
19;90.4507;4.52253;1.08386;12.8749
20;77.1754;3.85877;1.08386;10.502
21;55.5234;2.77617;1.08386;8.81665
22;45.6357;2.28179;0.929807;5.8745
23;46.854;2.3427;0.784094;5.15921
24;33.0939;1.65469;0.784094;2.65136
25;34.2401;1.712;0.784094;4.24308
26;26.863;1.34315;0.784094;2.356
27;25.9854;1.29927;0.684731;2.356
28;26.6181;1.3309;0.684731;2.88193
29;28.1976;1.40988;0.684731;2.72567
30;24.6992;1.23496;0.684731;2.72567
31;22.712;1.1356;0.684731;1.53
32;22.9486;1.14743;0.684731;1.68065
33;21.9848;1.09924;0.491884;1.45567
34;20.2544;1.01272;0;1.8091
1;1697.56;84.8779;69.7874;98.5911
2;2465.38;123.269;33.6131;224.243
3;1972.73;98.6367;19.7357;211.764
4;1920.84;96.0418;19.7357;313.425
5;1933.94;96.6972;19.7357;270.838
6;1986.83;99.3413;18.7051;186.322
7;2200.09;110.004;18.7051;406.274
8;1312.93;65.6467;12.9075;215.026
9;907.125;45.3563;10.7143;117.229
10;687.152;34.3576;5.46137;116.826
11;673.936;33.6968;5.46137;60.2078
12;637.772;31.8886;5.46137;96.9749
13;609.331;30.4666;5.11582;106.334
14;594.491;29.7245;1.82782;102.709
15;472.094;23.6047;1.82782;74.6009
16;332.361;16.6181;1.82782;77.4151
17;363.24;18.162;1.82782;61.6306
18;243.033;12.1517;1.82782;44.72
19;198.723;9.93613;1.82782;20.1348
20;162.839;8.14195;1.82782;23.0674
21;130.74;6.53701;1.56717;19.4368
22;88.6667;4.43334;1.56717;12.3006
23;102.511;5.12556;1.42016;29.4977
24;128.151;6.40754;1.33768;29.4977
25;145.186;7.25932;1.33768;52.5124
26;72.9561;3.64781;1.33768;6.74665
27;85.5217;4.27608;1.29505;16.8233
28;63.3362;3.16681;0.883649;11.7878
29;50.2723;2.51362;0.883649;6.33585
30;46.4656;2.32328;0.883649;5.78516
31;57.8505;2.89252;0.883649;11.1365
32;42.4006;2.12003;0.883649;3.90259
33;37.028;1.8514;0.883649;3.45785
34;33.703;1.68515;0.883649;3.07399
35;32.0748;1.60374;0.883649;4.96393
36;24.5891;1.22945;0.883649;1.77301
37;23.1655;1.15828;0.718928;1.48435
38;22.9267;1.14634;0.592413;1.54119
39;21.1015;1.05508;0.592413;1.54119
40;20.9857;1.04928;0.592413;1.27801
41;18.4492;0.922462;0;1.32627
1;1700.61;85.0307;75.6678;96.1703
2;2486.54;124.327;35.5263;224.605
3;3053.35;152.667;22.3048;593.712
4;3365.75;168.288;18.6655;596.064
5;3079.58;153.979;18.6655;478.946
6;3409.79;170.49;15.6245;880.644
7;3656.4;182.82;10.8159;810.057
8;3158.15;157.908;10.8159;377.843
9;2465.42;123.271;10.8159;365.646
10;2161.66;108.083;0;290.622
1;1682.92;84.1461;68.4931;97.2997
2;2176.59;108.83;37.894;236.999
3;2111.79;105.59;21.0214;433.069
4;1987.94;99.3969;18.7937;248.142
5;2230.17;111.508;18.7937;472.993
6;1543.69;77.1845;18.7937;257.433
7;1772.6;88.6301;11.9105;356.276
8;1521.52;76.0762;4.29674;287.153
9;1548.79;77.4397;4.29674;299.165
10;1183.83;59.1916;4.29674;152.969
11;1229.47;61.4734;4.29674;178.892
12;1218.53;60.9265;4.29674;206.399
13;1321.36;66.0679;1.74614;226.067
14;824.878;41.2439;1.74614;321.219
15;641.169;32.0585;1.74614;105.756
16;472.713;23.6356;1.74614;106.697
17;498.997;24.9498;1.74614;106.697
18;287.958;14.3979;1.51525;38.0626
19;187.736;9.3868;1.51525;27.797
20;207.792;10.3896;1.51525;35.84
21;263.966;13.1983;1.14974;77.2921
22;191.308;9.56539;1.14974;31.5075
23;134.418;6.7209;1.14974;30.1962
24;83.824;4.1912;1.11914;14.1735
25;72.6633;3.63317;1.08362;13.5258
26;78.0097;3.90048;1.07802;9.85523
27;48.7564;2.43782;1.07802;5.49052
28;46.2197;2.31099;1.07802;3.73828
29;39.8879;1.9944;1.07802;4.44718
30;43.1161;2.15581;0;4.8171
1;1644.11;82.2053;72.111;92.511
2;2015.79;100.79;36.9606;195.834
3;2279.68;113.984;30.5598;256.201
4;2329.02;116.451;29.4163;349.469
5;2737.35;136.868;21.4077;490.859
6;2495.09;124.755;13.2972;416.053
7;2095.99;104.799;13.2972;290.334
8;1329.51;66.4757;13.2972;340.568
9;1668.29;83.4146;11.0673;279.374
10;1310.72;65.536;6.31653;216.878
11;1162.96;58.1479;6.31653;191.785
12;576.532;28.8266;5.01666;100.515
13;424.447;21.2223;2.57878;67.3318
14;442.639;22.132;1.16964;82.2351
15;372.175;18.6088;1.16964;67.3318
16;377.924;18.8962;1.16964;61.5568
17;381.399;19.0699;1.16964;80.4264
18;411.732;20.5866;1.16964;74.5243
19;259.342;12.9671;1.16964;59.9717
20;242.032;12.1016;1.16241;59.9717
21;128.153;6.40766;1.16241;19.8
22;119.378;5.96889;1.16241;19.8
23;118.873;5.94366;1.16241;24.6938
24;83.6584;4.18292;1.04016;9.5397
25;59.6305;2.98153;1.04016;8.20719
26;41.3678;2.06839;1.04016;3.75542
27;37.2017;1.86009;1.04016;2.80143
28;34.6213;1.73107;1.04016;3.51879
29;30.2157;1.51078;1.04016;2.19679
30;27.8054;1.39027;1.04016;2.34586
31;24.2611;1.21306;1.04016;1.41917
32;24.5838;1.22919;0.398754;2.4021
33;21.7196;1.08598;0.398754;1.41917
34;21.5777;1.07888;0.398754;1.45848
35;21.4714;1.07357;0.398754;1.45848
36;21.5373;1.07687;0.287308;1.45848
37;21.0223;1.05112;0.187449;1.5923
38;18.7078;0.935392;0.187449;1.49736
39;17.6762;0.883808;0.187449;1.32259
40;16.3292;0.816461;0.187449;1.32259
41;14.8274;0.741369;0.127778;1.32259
42;12.9408;0.647038;0.127778;1.32259
43;9.97261;0.49863;0.0332941;1.22301
44;9.64497;0.482249;0.0332941;1.03772
45;11.4137;0.570685;0.0332941;1.02059
46;10.5897;0.529483;0.012579;0.981694
47;11.0489;0.552447;0;1.07328
1;1681.48;84.074;74.8031;105.069
2;2248.89;112.445;31.3722;230.276
3;2025.41;101.27;23.7154;251.51
4;2094.92;104.746;23.7154;251.51
5;1870.85;93.5424;11.4093;275.969
6;1902.15;95.1074;10.6876;373.102
7;1895.48;94.7742;8.17275;373.102
8;1986.19;99.3097;3.29816;309.193
9;1615.7;80.7851;3.29816;350.446
10;1080.71;54.0354;3.29816;138.929
11;710.694;35.5347;3.29816;114.116
12;583.838;29.1919;2.19201;166.066
13;697.295;34.8647;2.02331;200.338
14;400.563;20.0282;1.24128;185.96
15;266.445;13.3223;1.24128;47.2877
16;171.737;8.58685;1.24128;35.2774
17;135.724;6.78621;1.24128;26.0899
18;104.991;5.24955;1.24128;9.7131
19;92.2305;4.61153;1.24128;14.4181
20;94.0015;4.70007;1.24128;21.2557
21;73.9539;3.69769;1.06709;9.62346
22;62.962;3.1481;1.06709;6.24297
23;52.3107;2.61554;1.06709;9.29617
24;30.6554;1.53277;1.06709;2.42825
25;28.0393;1.40196;1.06709;1.93367
26;27.8025;1.39013;1.06709;2.4212
27;26.4512;1.32256;0.239335;1.99956
28;25.244;1.2622;0.239335;1.96579
29;23.2581;1.1629;0.166849;1.68904
30;22.0301;1.10151;0.166849;1.44521
31;22.8839;1.1442;0.0863438;1.80957
32;20.9668;1.04834;0.0863438;1.41775
33;19.9492;0.997462;0.0863438;1.47708
34;17.7573;0.887863;0.0863438;1.3219
35;19.2651;0.963256;0.0863438;1.35366
36;16.2498;0.812488;0.0863438;1.20849
37;17.1999;0.859995;0.0863438;1.20849
38;15.3484;0.767421;0;1.83396
1;1633.32;81.6659;67.9077;93.1726
2;2046.8;102.34;36.9091;232.673
3;2152.51;107.625;17.9681;387.554
4;1693.61;84.6803;17.9681;207.828
5;1416.14;70.8072;15.9604;207.828
6;1461.72;73.0858;12.012;334.979
7;1107.29;55.3644;12.012;194.225
8;703.701;35.185;12.012;85.2876
9;585.873;29.2937;3.40865;77.9786
10;389.614;19.4807;3.40865;44.9824
11;328.084;16.4042;3.40865;47.7263
12;287.95;14.3975;3.33078;37.9523
13;311.086;15.5543;2.98305;52.3472
14;372.627;18.6313;2.55164;58.5902
15;222.157;11.1078;2.55164;28.532
16;232.369;11.6185;2.50006;39.3341
17;196.379;9.81896;2.50006;46.2248
18;127.482;6.37408;1.58939;30.149
19;88.8336;4.44168;1.26142;11.8379
20;105.575;5.27877;1.24379;18.381
21;81.7162;4.08581;1.24379;12.0773
22;75.0178;3.75089;1.24379;8.40685
23;63.9558;3.19779;1.24379;6.08202
24;59.7775;2.98888;1.24379;6.02011
25;75.4558;3.77279;1.05467;9.42668
26;69.6291;3.48145;1.05467;6.15835
27;62.9593;3.14796;1.05467;7.53118
28;70.2357;3.51178;1.05467;8.11392
29;62.5928;3.12964;1.05467;7.71344
30;39.3001;1.96501;1.05467;5.00853
31;34.6156;1.73078;1.02338;3.94059
32;29.1351;1.45676;1.02338;2.63069
33;26.7358;1.33679;0.930637;2.03457
34;23.8319;1.1916;0.671682;2.19243
35;22.8792;1.14396;0.671682;2.19243
36;20.1986;1.00993;0.526761;1.2805
37;19.2359;0.961793;0.279736;1.3262
38;17.0738;0.853688;0.279736;1.19831
39;15.8206;0.79103;0.112097;1.17075
40;14.3068;0.715339;0.112097;1.09491
41;12.1363;0.606814;0.0806119;1.05462
42;10.5097;0.525486;0.0772591;1.05228
43;9.68631;0.484316;0.0772591;0.970884
44;10.4693;0.523466;0.0772591;0.993493
45;7.85961;0.39298;0.0772591;0.835192
46;6.27056;0.313528;0.00726398;0.742766
47;4.82639;0.24132;0.00726398;0.742766
48;3.98262;0.199131;0.00726398;0.451619
49;3.06192;0.153096;0.00726398;0.5611
50;1.9575;0.0978749;0.00726398;0.349735
51;1.46567;0.0732836;0.00726398;0.253852
52;1.43105;0.0715526;0.00384879;0.207632
53;1.13168;0.0565841;0.00384879;0.150437
54;0.573584;0.0286792;0.00384879;0.142903
55;0.493306;0.0246653;0.00384879;0.0564442
56;0.393967;0.0196984;0.000997953;0.0615599
57;0.164168;0.00820839;0.000997953;0.0163127
58;0.228127;0.0114064;0.000826243;0.042283
59;0.226959;0.011348;0;0.0374225
1;1676.99;83.8493;73.0468;95.0558
2;2243.22;112.161;34.8814;222.206
3;2035.05;101.752;25.2039;235.785
4;2267.52;113.376;17.0269;378.706
5;2081.42;104.071;12.1844;255.439
6;1627.77;81.3887;12.1844;189.438
7;1365.1;68.2549;12.1844;157.725
8;1640.55;82.0275;2.78399;561.287
9;927.287;46.3643;2.78399;117.212
10;898.627;44.9313;2.78399;193.072
11;643.28;32.164;2.78399;213.102
12;204.207;10.2104;1.56283;23.0016
13;212.37;10.6185;1.56283;24.2387
14;215.558;10.7779;1.56283;24.2387
15;185.311;9.26555;1.56283;32.3173
16;177.296;8.86478;1.56283;36.224
17;116.193;5.80963;1.261;26.7916
18;88.2723;4.41362;1.261;11.1448
19;89.94;4.497;1.1906;19.5687
20;57.6134;2.88067;1.1906;9.27587
21;48.6567;2.43283;1.07913;4.85556
22;44.8933;2.24467;1.06551;5.78226
23;32.392;1.6196;1.06551;3.38264
24;27.43;1.3715;0.541033;2.19214
25;28.5441;1.4272;0.541033;2.19214
26;26.8795;1.34398;0.541033;4.93659
27;23.1443;1.15721;0.541033;2.16631
28;22.1292;1.10646;0.541033;1.87577
29;22.1117;1.10558;0.541033;1.86027
30;22.5318;1.12659;0.528811;1.86027
31;22.2387;1.11194;0.528811;1.86027
32;22.2971;1.11486;0.528811;1.39847
33;21.3949;1.06975;0.528811;1.28767
34;20.946;1.0473;0.415206;1.32401
35;20.5462;1.02731;0.415206;1.43472
36;17.2887;0.864434;0;1.28767
1;1661.05;83.0526;71.9426;93.5896
2;2345.64;117.282;35.3696;250.704
3;2105.38;105.269;18.1577;464.862
4;2177.4;108.87;18.1577;250.704
5;1516.45;75.8227;12.6022;209.159
6;1272.59;63.6294;12.6022;209.159
7;1051.34;52.5672;12.6022;219.682
8;1054.26;52.7129;11.2193;124.122
9;832.366;41.6183;8.99397;112.781
10;737.23;36.8615;2.16952;110.928
11;977.292;48.8646;0;161.064
1;1700.59;85.0293;73.773;95.0815
2;2338.16;116.908;37.7417;230.959
3;2985.47;149.273;11.2596;438.968
4;2114.74;105.737;11.2596;293.883
5;2246.18;112.309;11.2596;374.48
6;1104.12;55.2059;11.2596;98.4729
7;1271.09;63.5547;7.30316;253.327
8;1399.42;69.9708;4.45611;253.327
9;1367.66;68.3828;2.61257;444.753
10;826.024;41.3012;2.61257;158.939
11;518.883;25.9442;2.61257;93.2513
12;458.467;22.9234;2.61257;71.3619
13;318.258;15.9129;2.61257;71.3619
14;290.402;14.5201;0;33.7419
1;1667.85;83.3923;70.6228;93.0278
2;2135.8;106.79;38.4963;220.862
3;2087.12;104.356;31.5174;259.796
4;2536.46;126.823;28.3424;581.473
5;1665.67;83.2834;9.4352;184.714
6;1811.89;90.5946;9.4352;299.777
7;1290.7;64.5351;9.4352;216.683
8;1427.09;71.3547;9.4352;274.098
9;2143.8;107.19;6.01699;647.657
10;1408.24;70.4121;5.42871;647.657
11;933.474;46.6737;2.68597;225.307
12;456.488;22.8244;2.68597;68.3285
13;479.007;23.9504;2.68597;68.3285
14;426.193;21.3097;2.68597;65.4422
15;334.09;16.7045;2.68597;61.8574
16;209.062;10.4531;1.86795;45.9124
17;129.349;6.46746;1.86795;14.0697
18;131.922;6.5961;1.73182;24.5424
19;106.13;5.30651;1.33413;14.136
20;91.4469;4.57235;1.33413;11.5013
21;73.2991;3.66496;1.33413;14.8376
22;56.4188;2.82094;1.09862;7.85962
23;57.5798;2.87899;1.09862;7.85962
24;43.9241;2.19621;1.09862;5.06029
25;46.7551;2.33776;1.08959;5.52517
26;45.0004;2.25002;1.08959;4.58353
27;43.4449;2.17224;1.04842;4.58353
28;44.5742;2.22871;1.04842;10.7341
29;28.3958;1.41979;1.04842;2.09637
30;25.9939;1.29969;1.04842;2.06755
31;24.9827;1.24914;0.690471;1.81636
32;24.9901;1.24951;0.690471;2.63063
33;27.3955;1.36977;0.690471;2.63063
34;23.4987;1.17494;0.520591;1.82516
35;22.0231;1.10115;0.476287;1.71795
36;22.9968;1.14984;0.190043;1.64378
37;21.5488;1.07744;0.190043;1.49796
38;19.5996;0.979981;0;1.71336
1;1643.44;82.1719;70.4668;98.6975
2;2240.69;112.034;34.0376;231.616
3;2693.42;134.671;28.7992;531.918
4;2292.87;114.644;23.1823;544.787
5;2075.22;103.761;14.3416;435.198
6;1125.89;56.2944;14.3416;140.504
7;1237.91;61.8957;10.7534;160.464
8;1067.49;53.3744;10.7534;104.148
9;843.312;42.1656;6.6908;104.953
10;813.409;40.6705;6.6908;100.243
11;966.579;48.329;2.92511;151.376
12;1129.52;56.4761;2.92511;495.095
13;577.841;28.892;2.92511;135.76
14;381.871;19.0935;2.92511;49.5788
15;366.304;18.3152;2.92511;71.4174
16;439.23;21.9615;1.86378;119.845
17;386.604;19.3302;1.70375;57.9213
18;255.436;12.7718;1.70375;35.4416
19;217.305;10.8652;1.70375;47.75
20;189.555;9.47773;1.70375;35.4416
21;154.17;7.70848;1.70375;43.1764
22;91.8491;4.59245;0;14.0269
1;1755.52;87.7761;73.3472;98.4439
2;2366.42;118.321;36.644;231.737
3;2512.94;125.647;21.3947;516.105
4;1937.01;96.8507;13.5258;459.038
5;1521.5;76.0752;13.5258;181.43
6;1279.94;63.9971;13.5258;134.622
7;994.333;49.7167;13.5258;134.457
8;1057.18;52.8591;6.2627;134.457
9;1196.59;59.8293;6.2627;134.457
10;1367.34;68.3671;3.62112;219.633
11;1663.8;83.19;3.62112;225.367
12;1858.7;92.9351;3.56643;468.363
13;1046.19;52.3094;3.56643;143.389
14;509.193;25.4597;1.5462;137.725
15;323.627;16.1813;1.5462;64.9956
16;156.564;7.82819;1.5462;23.3014
17;151.226;7.56128;1.5462;14.6054
18;170.232;8.51161;1.5462;25.7016
19;212.708;10.6354;1.40231;29.1223
20;180.212;9.01062;1.40231;38.0505
21;104.567;5.22837;1.40231;10.2902
22;114.862;5.74312;1.34376;24.0003
23;113.253;5.66266;1.34376;13.4765
24;103.236;5.16178;1.34376;15.2761
25;86.5891;4.32945;1.34376;10.8871
26;59.7754;2.98877;1.15173;9.17024
27;48.0872;2.40436;1.08241;3.57972
28;47.5778;2.37889;1.0037;5.76421
29;38.8753;1.94377;1.0037;3.34536
30;36.3592;1.81796;1.0037;3.15354
31;32.5315;1.62658;1.0037;2.96523
32;28.6423;1.43212;1.0037;2.27168
33;26.7566;1.33783;0;2.47524
1;1640.32;82.0158;72.1788;100.268
2;2158.73;107.936;35.1157;204.266
3;4117.87;205.893;10.9996;693.391
4;3418.94;170.947;10.9996;518.74
5;2554.71;127.735;10.9996;352.068
6;2793.42;139.671;10.9996;314.196
7;2025.39;101.27;10.9996;314.196
8;1556.44;77.822;10.9996;175.398
9;1064.19;53.2096;10.9996;191.272
10;851.168;42.5584;5.93293;113.977
11;744.551;37.2276;4.19154;107.061
12;813.042;40.6521;2.49124;151.974
13;429.235;21.4618;2.49124;72.5893
14;344.628;17.2314;1.73995;53.7486
15;309.937;15.4969;1.73995;53.7486
16;236.67;11.8335;1.73995;43.6196
17;238.949;11.9474;1.35698;49.6304
18;192.716;9.63581;1.35698;35.8951
19;146.637;7.33185;1.142;35.8951
20;70.1146;3.50573;1.142;9.18536
21;66.5104;3.32552;1.07482;12.4688
22;49.6228;2.48114;1.07482;5.58377
23;50.7136;2.53568;1.07482;5.58377
24;36.5646;1.82823;1.07482;4.50199
25;30.3773;1.51887;1.07482;2.89718
26;31.9033;1.59517;1.05774;2.76173
27;34.0249;1.70124;0.985671;3.24505
28;32.0549;1.60274;0.985671;2.67718
29;33.769;1.68845;0.985671;4.55801
30;31.0393;1.55196;0.985671;2.41865
31;29.0377;1.45188;0.985671;2.33234
32;26.2409;1.31204;0.985671;1.74915
33;28.8434;1.44217;0.984935;2.73436
34;29.9492;1.49746;0.916934;2.80353
35;33.1969;1.65984;0.832621;3.75304
36;42.6971;2.13485;0.640091;5.94793
37;35.5707;1.77853;0.640091;4.64925
38;28.8837;1.44419;0.640091;2.42063
39;29.2362;1.46181;0.206114;4.72082
40;24.9096;1.24548;0.206114;2.03119
41;24.3795;1.21897;0.206114;2.66405
42;23.5332;1.17666;0.206114;1.83063
43;22.1843;1.10922;0.206114;1.65434
44;20.4923;1.02462;0.206114;1.5277
45;21.0448;1.05224;0.206114;1.47854
46;20.0334;1.00167;0.206114;1.32774
47;16.6119;0.830597;0.206114;1.23023
48;16.9872;0.849358;0.129384;1.22888
49;15.2143;0.760717;0.129384;1.07488
50;14.9576;0.747882;0.129384;1.09429
51;14.7994;0.739968;0.0914286;1.14561
52;12.5535;0.627675;0.0914286;1.02043
53;11.9499;0.597494;0.0914286;1.04497
54;11.8378;0.591892;0.0914286;1.06003
55;8.95382;0.447691;0.0266576;0.92765
56;7.12469;0.356234;0.0266576;0.869476
57;6.602;0.3301;0.0266576;0.730866
58;5.44029;0.272015;0.0191828;0.778371
59;4.66763;0.233382;0.0191828;0.658335
60;3.26091;0.163045;0.00947003;0.526557
61;2.45765;0.122883;0.00947003;0.36521
62;2.66513;0.133257;0.00947003;0.36521
63;1.83398;0.0916988;0.00947003;0.36521
64;2.34416;0.117208;0.00159709;0.535813
65;1.4957;0.074785;0.00159709;0.287619
66;0.584653;0.0292327;0.00159709;0.117306
67;0.647178;0.0323589;0.00159709;0.117306
68;0.430922;0.0215461;0.00159709;0.0820167
69;0.420089;0.0210045;0.00139626;0.0920631
70;0.421392;0.0210696;0.00104585;0.0761507
71;0.320909;0.0160455;0.000272285;0.0761507
72;0.0964594;0.00482297;0.000272285;0.0123475
73;0.0900866;0.00450433;0.000182429;0.0154453
74;0.0918408;0.00459204;0.000182429;0.0121694
75;0.0868409;0.00434204;0.000174603;0.0200412
76;0.0668104;0.00334052;0.000174603;0.0143489
77;0.0917009;0.00458505;0.000101167;0.0183742
78;0.0955558;0.00477779;2.11676e-005;0.029044
79;0.0433852;0.00216926;2.11676e-005;0.01329
80;0.0483847;0.00241924;2.11676e-005;0.0282275
81;0.0281627;0.00140814;2.11676e-005;0.00757075
82;0.0396963;0.00198481;1.80095e-005;0.0162882
83;0.0199038;0.00099519;1.80095e-005;0.00537413
84;0.00924225;0.000462113;0;0.00234609
1;1659.03;82.9516;70.2378;95.828
2;2157.87;107.893;35.5042;222.788
3;1974.97;98.7486;18.7479;413.436
4;1595.01;79.7507;18.7479;187.363
5;1802.96;90.1482;18.7479;289.269
6;1454.15;72.7077;9.72884;234.825
7;1516.09;75.8046;9.72884;260.032
8;1450.07;72.5034;6.76857;546.797
9;552.86;27.643;6.76857;66.0533
10;478.702;23.9351;3.68555;83.0933
11;353.297;17.6648;3.68555;40.8076
12;321.086;16.0543;2.69461;40.9216
13;289.57;14.4785;1.86663;47.4772
14;274.277;13.7139;1.86663;80.7645
15;185.693;9.28466;1.74705;40.1058
16;150.211;7.51053;1.30791;24.1744
17;139.534;6.97672;1.30791;17.5525
18;165.918;8.29591;1.30791;22.2747
19;106.698;5.33489;1.30791;18.9366
20;106.614;5.33069;1.30791;17.575
21;93.5967;4.67984;1.30791;9.49841
22;121.964;6.0982;1.20722;16.4774
23;83.197;4.15985;1.20722;10.1454
24;61.471;3.07355;1.20722;9.55811
25;58.6463;2.93232;1.20722;5.75622
26;50.9902;2.54951;1.20722;5.71328
27;48.1748;2.40874;1.10169;5.71328
28;49.7869;2.48934;1.0943;6.50042
29;50.4736;2.52368;1.06383;5.71328
30;62.6027;3.13013;1.06383;15.1215
31;33.2153;1.66077;1.06383;2.91333
32;30.1906;1.50953;0.948494;2.7176
33;28.7378;1.43689;0.948494;2.17715
34;25.1944;1.25972;0.732991;2.1389
35;25.3209;1.26605;0.732991;1.89508
36;25.2835;1.26418;0.732991;2.40154
37;24.202;1.2101;0.732991;2.1501
38;22.1148;1.10574;0.500395;1.51214
39;21.3266;1.06633;0.500395;1.48007
40;20.0571;1.00285;0.500395;1.17448
41;19.7241;0.986204;0.111821;1.3524
42;20.2255;1.01127;0.111821;1.52428
43;20.9444;1.04722;0.111821;1.23951
44;20.6625;1.03312;0.111821;1.28656
45;19.5846;0.97923;0.111821;1.48044
46;21.2225;1.06113;0.111821;1.28871
47;20.9673;1.04837;0.111821;1.42439
48;20.9289;1.04644;0.111821;1.59208
49;22.5443;1.12721;0.111821;2.53256
50;21.1106;1.05553;0.0922672;1.47348
51;18.8127;0.940633;0.0922672;1.39361
52;18.6863;0.934314;0;1.36918
1;1738.3;86.9152;71.4358;101.245
2;2081.19;104.059;39.0345;210.759
3;2049.74;102.487;26.3376;238.701
4;1580.25;79.0127;17.2679;238.701
5;2249.37;112.469;15.9904;377.272
6;2192.5;109.625;15.8294;458.26
7;1845.42;92.2712;12.2579;348.626
8;1656.91;82.8454;9.03509;275.462
9;1353.17;67.6584;5.39357;275.462
10;1534.44;76.7219;0;248.927
1;1714.7;85.7349;73.1503;100.983
2;2460.76;123.038;35.3832;232.448
3;1931.54;96.5772;26.9617;228.19
4;2070.27;103.514;26.9617;195.708
5;1711.93;85.5967;26.9617;292.516
6;1352.31;67.6157;13.5168;185.494
7;1491.35;74.5677;4.28608;313.182
8;1025.02;51.2509;4.28608;140.893
9;1108.34;55.4169;4.28608;161.691
10;851.109;42.5555;4.28608;96.9491
11;1096.56;54.8281;4.28608;248.569
12;541.453;27.0727;4.28608;60.1649
13;709.355;35.4677;2.20085;126.852
14;729.126;36.4563;2.09217;276.348
15;316.516;15.8258;2.09217;51.7307
16;268.484;13.4242;2.09217;35.9276
17;223.302;11.1651;1.41984;30.8928
18;273.872;13.6936;0;37.02
1;1659.75;82.9876;72.2881;101.527
2;2315.73;115.786;37.2867;242.653
3;2894.17;144.708;20.639;565.324
4;2499.62;124.981;20.639;454.822
5;2787.3;139.365;13.989;538.346
6;3462.29;173.114;12.1956;884.824
7;2112.76;105.638;8.90432;278.892
8;2096.7;104.835;6.033;487.715
9;2502.78;125.139;6.033;487.715
10;1818.73;90.9363;6.033;189.234
11;1317.73;65.8863;6.033;186.289
12;1240.72;62.0362;6.033;123.215
13;1518.3;75.9152;4.94887;349.652
14;909.066;45.4533;4.94887;113.838
15;1099.42;54.9712;2.47669;322.654
16;943.611;47.1805;2.20328;252.743
17;584.181;29.209;2.20328;74.8826
18;552.489;27.6244;2.20328;141.052
19;394.054;19.7027;2.20328;49.1577
20;425.964;21.2982;2.20328;43.2398
21;350.631;17.5316;2.20328;41.3579
22;278.686;13.9343;2.20328;42.6195
23;282.933;14.1467;2.11189;47.1832
24;329.479;16.4739;1.92825;47.1832
25;320.401;16.0201;1.59773;57.4286
26;215.79;10.7895;1.45987;38.6324
27;98.7077;4.93539;1.29329;16.1192
28;99.8753;4.99376;1.29329;14.3354
29;75.2897;3.76449;1.1531;15.4586
30;58.9076;2.94538;1.1531;6.84749
31;48.5483;2.42741;1.03117;8.54277
32;38.2343;1.91172;1.03117;4.21237
33;44.582;2.2291;0.876909;4.58305
34;43.9347;2.19674;0.492618;7.64735
35;27.5576;1.37788;0.492618;2.20132
36;23.6382;1.18191;0.492618;1.54562
37;21.5911;1.07956;0.492618;1.31862
38;21.1057;1.05528;0.492618;1.38049
39;21.5734;1.07867;0.492618;1.279
40;20.8884;1.04442;0.486331;1.89883
41;19.9427;0.997137;0.296058;1.89883
42;17.9812;0.899058;0.296058;1.3547
43;18.5391;0.926954;0.235334;1.33149
44;15.8987;0.794937;0.235334;1.1121
45;14.7747;0.738736;0.235334;1.10169
46;15.1092;0.755462;0.0823623;1.18719
47;10.4593;0.522966;0.0823623;1.04169
48;10.2643;0.513216;0.0197685;1.04474
49;5.83375;0.291688;0.0197685;0.781177
50;5.21767;0.260884;0.00401156;0.895794
51;4.34498;0.217249;0.00401156;0.522809
52;3.58758;0.179379;0.00342804;0.588409
53;2.72368;0.136184;0.00342804;0.418696
54;2.48508;0.124254;0.00149344;0.332196
55;1.2994;0.0649701;0.00149344;0.183724
56;1.10388;0.055194;0.00149344;0.156237
57;0.859551;0.0429775;0.00149344;0.1831
58;0.406811;0.0203406;0.00140377;0.0699037
59;0.300504;0.0150252;0.00124778;0.0699037
60;0.177765;0.00888826;0.00124778;0.0215952
61;0.144917;0.00724584;0.00124778;0.0243557
62;0.172004;0.00860022;0.000707769;0.0278559
63;0.113061;0.00565305;0.000491985;0.0165057
64;0.0761179;0.0038059;0.000271625;0.0165057
65;0.0808932;0.00404466;0.000271625;0.0130954
66;0.111145;0.00555727;0.000211716;0.020964
67;0.0770201;0.003851;0.000147347;0.020964
68;0.0431335;0.00215667;0.000147347;0.00893282
69;0.0268251;0.00134125;9.21676e-005;0.00428612
70;0.0334892;0.00167446;9.21676e-005;0.00593291
71;0.0307263;0.00153631;5.34796e-005;0.00430726
72;0.0215776;0.00107888;5.34796e-005;0.00321313
73;0.0211266;0.00105633;5.34796e-005;0.00309197
74;0.0100827;0.000504136;5.34796e-005;0.00229451
75;0.00843519;0.00042176;9.889e-006;0.00118503
1;1697.01;84.8503;64.9122;97.4212
2;2413.17;120.658;34.9194;261.603
3;2760.38;138.019;32.7814;489.932
4;1851.71;92.5854;32.7814;212.1
5;1572.15;78.6075;16.7789;285.23
6;1324.5;66.2248;16.7789;170.601
7;1238.6;61.9298;15.6342;261.383
8;985.532;49.2766;15.396;126.971
9;1025.29;51.2644;7.34236;176.407
10;804.162;40.2081;7.34236;103.998
11;1149.89;57.4943;6.644;222.9
12;1258.39;62.9197;4.11955;176.808
13;1319.59;65.9797;4.11955;279.606
14;772.17;38.6085;4.11955;100.826
15;657.452;32.8726;4.11955;107.065
16;489.611;24.4806;4.08999;95.932
17;455.123;22.7562;2.85355;83.0652
18;473.228;23.6614;2.00619;83.0652
19;399.641;19.9821;2.00619;68.0156
20;425.733;21.2867;2.00619;82.8376
21;196.449;9.82247;2.00619;37.9571
22;225.034;11.2517;1.64506;56.1981
23;120.969;6.04847;1.64506;15.9911
24;114.253;5.71266;1.64506;12.8595
25;118.534;5.92672;1.34235;15.3778
26;126.652;6.33262;1.16911;16.7637
27;84.2875;4.21438;1.16911;18.1164
28;65.0135;3.25067;1.16911;11.0703
29;37.7273;1.88637;1.03621;4.53562
30;34.4631;1.72315;1.03621;4.17618
31;37.8135;1.89068;1.03621;5.87584
32;30.3519;1.5176;0.806843;2.56465
33;29.5056;1.47528;0.806843;3.19408
34;25.5535;1.27768;0.806843;1.73422
35;23.8863;1.19431;0.727506;1.83208
36;22.4806;1.12403;0.601866;1.67146
37;21.9889;1.09945;0.439057;1.5101
38;20.3037;1.01518;0.439057;1.3863
39;19.9079;0.995397;0.439057;1.21441
40;20.0278;1.00139;0.160046;1.24761
41;17.7096;0.88548;0.160046;1.27941
42;17.0301;0.851505;0.160046;1.20631
43;15.2598;0.762989;0.160046;1.16244
44;15.684;0.784199;0.160046;1.05116
45;14.6022;0.730112;0.160046;1.03289
46;12.1885;0.609425;0.0612838;1.06762
47;12.343;0.617149;0.0612838;0.981759
48;9.69442;0.484721;0.0612838;1.00963
49;9.16224;0.458112;0.0612838;0.991492
50;7.64478;0.382239;0.0366541;0.912162
51;7.77076;0.388538;0.0255905;1.06395
52;8.67507;0.433753;0;1.0874
1;1678.84;83.9419;67.2346;96.3629
2;2270.93;113.546;34.6954;235.082
3;2401.19;120.059;18.1809;411.056
4;1958.52;97.9261;16.0204;401.286
5;1851.7;92.5852;10.3818;329.847
6;1450.88;72.544;10.3818;172.303
7;1573.83;78.6917;10.3818;184.528
8;1024.98;51.2489;9.68184;243.342
9;1247.92;62.3962;5.20287;243.342
10;1703.24;85.1621;5.20287;261.16
11;1154.14;57.7068;5.20287;222.413
12;1140.32;57.0159;4.69598;222.413
13;1184.93;59.2465;4.01286;350.636
14;900.112;45.0056;3.96778;222.413
15;375.989;18.7994;2.35195;55.3258
16;349.305;17.4653;2.35195;35.3169
17;280.182;14.0091;2.35195;36.9984
18;214.479;10.724;2.35195;31.2625
19;131.312;6.56559;1.53189;17.8905
20;175.382;8.7691;1.32427;32.5243
21;133.434;6.67168;1.32427;15.7625
22;158.386;7.91931;1.32427;22.2326
23;134.969;6.74844;1.32427;23.5594
24;123.15;6.15749;1.14368;23.5594
25;101.721;5.08604;1.14368;13.0145
26;76.1376;3.80688;1.14368;11.1484
27;73.6419;3.68209;1.14368;12.3884
28;66.0423;3.30211;1.10834;11.1484
29;60.6849;3.03425;0.974467;12.2633
30;52.9056;2.64528;0.814641;12.2633
31;54.1491;2.70745;0.814641;10.5401
32;43.9376;2.19688;0.814641;10.5401
33;38.8518;1.94259;0.814641;8.85236
34;32.2789;1.61394;0.814641;3.66538
35;28.3459;1.4173;0.814641;2.25409
36;31.5117;1.57558;0.814641;3.62645
37;26.4279;1.3214;0;3.8292
1;1694.38;84.7191;72.956;95.6232
2;2329.02;116.451;40.5142;224.158
3;2515.01;125.751;19.3165;460.92
4;1892.89;94.6446;19.3165;240.161
5;1818.39;90.9196;15.0525;317.278
6;2071.95;103.597;15.0525;278.812
7;2330.42;116.521;15.0525;527.868
8;1632.16;81.608;15.0525;363.075
9;1326.99;66.3495;6.23678;227.899
10;1076.85;53.8425;4.54586;276.734
11;738.627;36.9314;4.54586;108.498
12;761.241;38.0621;4.54586;117.95
13;676.739;33.837;4.54586;91.3329
14;661.997;33.0999;4.54586;97.6669
15;788.872;39.4436;3.86967;143.75
16;727.703;36.3851;3.86967;96.9749
17;578.025;28.9012;3.86967;115.871
18;428.783;21.4391;3.86967;69.6194
19;581.123;29.0561;2.46192;177.627
20;482.597;24.1298;2.46192;71.629
21;292.458;14.6229;2.46192;28.2088
22;222.777;11.1388;2.46192;65.5333
23;150.535;7.52677;1.46116;27.5339
24;123.549;6.17747;1.46116;19.4857
25;132.184;6.60919;1.42498;26.0757
26;202.143;10.1071;1.42498;53.7055
27;151.605;7.58027;1.33041;26.0757
28;114.059;5.70294;1.06865;20.932
29;69.456;3.4728;1.06865;7.80688
30;63.1834;3.15917;1.06383;9.72308
31;63.8805;3.19403;1.06383;9.72308
32;71.087;3.55435;1.06383;13.2468
33;80.0315;4.00157;1.06383;12.5449
34;80.3933;4.01967;1.06383;11.0826
35;71.2205;3.56103;1.06383;9.15298
36;73.124;3.6562;1.06383;15.7839
37;46.4592;2.32296;1.06383;6.97293
38;35.96;1.798;1.06383;4.14786
39;38.7527;1.93763;1.03698;4.14828
40;33.1251;1.65626;1.03698;4.947
41;28.6933;1.43467;0.893532;3.08735
42;25.4529;1.27265;0.893532;3.08735
43;22.9257;1.14628;0.893532;1.35329
44;21.4123;1.07062;0.893532;1.26556
45;20.8575;1.04288;0.789728;1.23337
46;20.8965;1.04483;0.347963;1.3128
47;20.8482;1.04241;0.347963;1.2126
48;20.318;1.0159;0.180148;1.32002
49;21.5607;1.07803;0.180148;1.57981
50;20.3805;1.01903;0.180148;1.35393
51;18.0747;0.903737;0.180148;1.13992
52;18.2514;0.912571;0.180148;1.0991
53;15.6561;0.782804;0.180148;1.11546
54;14.0402;0.702009;0.135869;1.07873
55;15.0975;0.754877;0.135869;1.06833
56;14.4046;0.720229;0.135869;1.06202
57;11.4617;0.573086;0.135869;1.06202
58;9.8639;0.493195;0.135869;0.983841
59;10.2061;0.510307;0.0181447;1.10728
60;9.90148;0.495074;0.0181447;1.05672
61;9.12628;0.456314;0.00467558;1.05154
62;9.04472;0.452236;0.00467558;0.979255
63;7.13391;0.356696;0.00467558;0.82738
64;6.7078;0.33539;0.00467558;0.834013
65;5.34705;0.267352;0.00467558;0.880048
66;6.82368;0.341184;0.00467558;0.880048
67;6.1594;0.30797;0.00467558;0.682912
68;5.11169;0.255585;0.00467558;0.549936
69;5.39534;0.269767;0.00467558;0.745964
70;4.37458;0.218729;0.00467558;0.546102
71;2.64015;0.132008;0.00467558;0.547481
72;0.861805;0.0430902;0.00454994;0.162882
73;0.911025;0.0455512;0.00454994;0.183175
74;0.625938;0.0312969;0.004318;0.148924
75;0.475301;0.0237651;0.004318;0.0610885
76;0.413;0.02065;0.004318;0.0657085
77;0.344179;0.0172089;0.000896593;0.059553
78;0.288353;0.0144177;0.000896593;0.059553
79;0.235166;0.0117583;0.000896593;0.0366265
80;0.124794;0.00623969;0.000896593;0.0258042
81;0.110342;0.00551711;0.000840825;0.0139413
82;0.141184;0.00705919;0.000281064;0.03238
83;0.108823;0.00544113;0.000281064;0.03238
84;0.102523;0.00512616;0.000281064;0.03238
85;0.0623265;0.00311632;0.000281064;0.00975276
86;0.0528968;0.00264484;0.000281064;0.00906692
87;0.0598659;0.0029933;3.93372e-005;0.0102484
88;0.0384215;0.00192108;3.93372e-005;0.00803269
89;0.0202954;0.00101477;3.93372e-005;0.00353846
90;0.0142898;0.000714492;3.93372e-005;0.00241828
91;0.0144725;0.000723627;3.93372e-005;0.00210983
92;0.0152274;0.000761371;9.54139e-006;0.00264323
1;1706.33;85.3164;71.9938;96.3394
2;2437.47;121.873;36.6269;245.145
3;2358.66;117.933;19.3432;541.692
4;2044.16;102.208;13.4997;237.219
5;1967.31;98.3654;13.4997;302.979
6;1904.9;95.245;13.4997;259.486
7;1859.97;92.9986;13.4997;353.395
8;1357.58;67.8788;13.4997;176.322
9;1404.25;70.2125;6.04915;448.498
10;1174.17;58.7083;6.04915;448.498
11;763.287;38.1643;4.44632;134.79
12;706.423;35.3212;0;120.129
1;1649.28;82.4638;73.3862;92.1027
2;2335.14;116.757;37.9245;226.495
3;2719.75;135.988;29.9132;470.695
4;1731.59;86.5793;14.3564;296.306
5;1689.52;84.4761;14.3564;361.626
6;1658.21;82.9104;13.777;330.85
7;1394.55;69.7276;13.777;166.694
8;1787.37;89.3687;13.777;194.957
9;1707.32;85.3659;10.148;335.467
10;1328.6;66.4299;10.148;335.467
11;667.543;33.3771;4.26841;101.721
12;494.841;24.7421;3.81699;119.333
13;257.219;12.861;3.79656;23.0318
14;270.426;13.5213;3.71179;46.5368
15;245.678;12.2839;1.59866;44.4739
16;265.873;13.2937;1.59866;47.5476
17;155.929;7.79645;1.59866;26.5573
18;155.313;7.76563;1.10559;25.6986
19;149.186;7.45931;1.10559;26.5573
20;84.5889;4.22944;1.09943;18.087
21;78.9897;3.94948;1.09587;17.4523
22;78.4981;3.92491;1.09587;10.294
23;56.7406;2.83703;1.09587;8.91748
24;58.6187;2.93093;1.09587;8.91748
25;52.8723;2.64361;1.09587;13.4403
26;28.9931;1.44966;1.02796;2.34872
27;27.3013;1.36506;1.02796;2.43013
28;26.6456;1.33228;0.920543;2.71777
29;24.0562;1.20281;0;1.71506
1;1688.26;84.413;74.833;104.092
2;2242;112.1;35.4748;216.626
3;2345.3;117.265;20.1253;484.221
4;1638.66;81.9332;19.3275;320.454
5;1023.59;51.1794;19.3275;152.089
6;1007.29;50.3647;9.99221;121.972
7;1044.23;52.2116;6.32865;146.109
8;972.027;48.6013;6.32865;135.237
9;1105.56;55.278;6.32865;174.475
10;958.983;47.9491;6.32865;139.132
11;530.496;26.5248;6.32865;80.4996
12;509.369;25.4684;3.23996;77.4051
13;285.706;14.2853;3.23996;37.3753
14;227.245;11.3622;2.43149;62.7847
15;143.815;7.19075;2.18113;22.5511
16;173.112;8.65559;1.42694;22.5511
17;231.08;11.554;0;51.2711
1;1679.8;83.9901;71.4455;99.6563
2;2244.24;112.212;39.2382;222.31
3;1778.74;88.937;20.9291;219.971
4;1996.59;99.8295;12.5833;249.401
5;1742.1;87.1049;12.5833;341.777
6;1288.99;64.4497;7.5314;203.336
7;1255.63;62.7817;5.66228;184.945
8;1105.13;55.2564;5.09087;201.75
9;484.142;24.2071;5.09087;79.4866
10;361.65;18.0825;5.09087;70.5438
11;341.318;17.0659;2.89446;58.7243
12;326.414;16.3207;2.16608;61.1718
13;190.543;9.52714;1.67961;26.9134
14;179.83;8.99152;1.67961;28.9842
15;161.256;8.06282;1.12481;27.4371
16;223.191;11.1596;1.12481;61.3857
17;196.942;9.84711;1.12481;61.3857
18;82.2976;4.11488;1.12481;15.4801
19;53.9986;2.69993;1.12481;6.50509
20;57.7579;2.8879;1.12481;6.50509
21;58.4007;2.92003;1.12481;6.50509
22;62.3159;3.1158;1.12481;8.58113
23;64.3464;3.21732;1.12481;7.61205
24;57.2801;2.864;1.12481;6.24346
25;48.1059;2.40529;1.12481;6.44346
26;49.5334;2.47667;0;8.42365
1;1613.33;80.6667;71.9736;91.4992
2;2331.74;116.587;35.0644;225.161
3;1717.83;85.8916;21.6259;427.107
4;1091.8;54.5901;15.9034;122.293
5;1065.29;53.2646;14.1387;196.447
6;1013.78;50.6888;10.3076;196.447
7;1001.05;50.0525;0;175.296
1;1671.21;83.5607;71.0837;99.7336
2;2094.02;104.701;35.0977;222.284
3;2148.44;107.422;31.2681;218.963
4;2389.98;119.499;26.506;321.784
5;2406.11;120.305;26.506;395.773
6;2055.38;102.769;20.9555;245.988
7;2296.34;114.817;17.9396;356.235
8;1747.88;87.3942;10.0043;243.638
9;1209.62;60.481;10.0043;198
10;946.475;47.3238;10.0043;109.157
11;1187.32;59.3662;7.76122;246.873
12;660.521;33.026;4.38566;68.455
13;739.291;36.9646;2.02437;174.847
14;507.8;25.39;2.02437;66.1754
15;291.433;14.5717;2.02437;42.912
16;178.005;8.90023;1.61718;27.1785
17;169.299;8.46497;1.61718;32.5508
18;176.844;8.84221;1.61718;28.3108
19;220.237;11.0118;1.61718;51.5911
20;185.972;9.29861;1.61718;27.4826
21;223.97;11.1985;1.32005;34.1278
22;215.343;10.7672;1.25178;37.2375
23;222.697;11.1349;1.14555;32.1893
24;190.646;9.53231;1.14555;32.1893
25;95.9257;4.79628;1.14555;10.3715
26;96.6698;4.83349;1.14555;15.0199
27;93.1861;4.65931;1.11018;27.8587
28;48.5602;2.42801;1.11018;7.56458
29;39.6168;1.98084;1.03583;3.30947
30;36.2213;1.81106;1.03583;3.50928
31;38.8152;1.94076;1.03583;3.17744
32;32.6296;1.63148;1.03583;2.77455
33;28.535;1.42675;1.03583;2.23192
34;30.1045;1.50523;0.80475;2.95931
35;25.8648;1.29324;0.80475;2.74439
36;23.1739;1.15869;0.670332;1.81391
37;21.8609;1.09304;0.670332;1.5535
38;21.6959;1.0848;0.670332;1.61664
39;19.9391;0.996956;0.510638;1.23487
40;19.3578;0.967891;0.481618;1.30619
41;21.0129;1.05064;0.481618;1.31604
42;18.4705;0.923524;0.481618;1.28111
43;18.6387;0.931935;0;1.21612
1;1690.57;84.5287;71.548;101.816
2;2238;111.9;35.021;209.166
3;1662.4;83.12;22.2857;213.754
4;1763.86;88.1932;22.2857;268.029
5;1968.98;98.449;0;418.686
1;1661.73;83.0863;68.9658;98.6943
2;2346.29;117.314;33.705;211.776
3;2976.58;148.829;33.705;501.256
4;1821.55;91.0774;24.1452;189.728
5;1932.54;96.627;19.962;486.415
6;1642.8;82.1401;9.13777;197.945
7;2003.71;100.186;7.51671;301.587
8;1480.27;74.0135;5.91211;197.945
9;1277.49;63.8743;5.91211;254.222
10;899.771;44.9885;5.91211;124.224
11;1023.89;51.1945;0;178.303
1;1648.01;82.4004;61.6669;94.8561
2;2226.37;111.318;36.6789;226.444
3;2620.62;131.031;22.1301;256.807
4;2084.43;104.222;22.1301;276.4
5;2433.69;121.684;19.5747;327.047
6;2003.12;100.156;15.1797;272.523
7;2055.51;102.776;12.5483;744.624
8;2454.14;122.707;12.5483;744.624
9;1652.17;82.6084;10.418;478.318
10;1751.16;87.5578;7.37798;279.907
11;2111.62;105.581;7.37798;406.981
12;1979.36;98.9679;7.09863;538.614
13;1785.36;89.2679;7.09863;399.861
14;1134.22;56.7109;7.09863;277.788
15;1222.28;61.114;7.09863;277.788
16;1030.69;51.5343;5.53922;171.146
17;984.91;49.2455;3.26001;146.691
18;911.609;45.5804;3.26001;206.79
19;657.662;32.8831;2.61612;136.66
20;357.655;17.8828;2.61612;53.2591
21;298.532;14.9266;2.07602;41.5839
22;172.493;8.62466;1.62024;34.0097
23;162.244;8.1122;1.62024;18.2451
24;169.667;8.48335;1.62024;23.3228
25;188.142;9.40712;1.30142;69.3663
26;100.88;5.04399;1.30142;15.6989
27;122.164;6.10819;1.09779;36.4593
28;77.0371;3.85186;1.09779;15.1822
29;56.2055;2.81028;1.09779;8.75996
30;44.3855;2.21927;1.09779;6.42104
31;39.8975;1.99488;1.09779;4.61238
32;36.9088;1.84544;1.09779;2.91537
33;37.6858;1.88429;0.807578;6.59369
34;30.5328;1.52664;0.807578;2.70516
35;25.9129;1.29564;0.807578;1.8856
36;26.2515;1.31257;0.807578;2.03234
37;24.9882;1.24941;0.807578;1.85956
38;24.6301;1.2315;0.807578;1.85956
39;26.3125;1.31563;0.654093;2.98669
40;23.8609;1.19305;0.654093;1.79544
41;25.0159;1.2508;0.654093;1.78673
42;23.2506;1.16253;0.654093;1.67358
43;21.6231;1.08115;0.654093;1.45245
44;21.6709;1.08355;0.654093;1.26366
45;21.0598;1.05299;0.600607;1.45245
46;20.2364;1.01182;0.573968;1.45245
47;19.864;0.993199;0.571267;1.43902
48;18.8606;0.943032;0.571267;1.1807
49;20.062;1.0031;0.571267;1.17073
50;18.5712;0.928562;0.565763;1.17073
51;19.3316;0.96658;0.196069;1.10051
52;19.1366;0.956831;0.196069;1.08505
53;18.6991;0.934953;0.196069;1.19624
54;19.0794;0.953972;0.196069;1.19624
55;18.0675;0.903373;0.196069;1.11364
56;18.0562;0.902812;0.115378;1.2771
57;15.7373;0.786863;0.115378;1.21152
58;16.2392;0.811961;0.0790615;1.21152
59;14.3173;0.715863;0.0790615;1.21152
60;12.5613;0.628066;0.0790615;1.09624
61;13.3113;0.665564;0.0790615;1.05114
62;8.94481;0.447241;0.037843;1.00482
63;7.89556;0.394778;0.013833;0.907786
64;7.16766;0.358383;0.013833;0.998188
65;5.18937;0.259468;0.013833;0.446093
66;3.99718;0.199859;0.013833;0.450181
67;4.11749;0.205874;0.013833;0.421389
68;4.68753;0.234376;0.00305499;0.918799
69;4.4564;0.22282;0.00305499;0.630046
70;2.68016;0.134008;0.00305499;0.552428
71;2.01887;0.100943;0.00262958;0.552428
72;0.970524;0.0485262;0.00262958;0.303619
73;0.495466;0.0247733;0.00262958;0.0826727
74;0.61113;0.0305565;0.00262958;0.0826727
75;0.524596;0.0262298;0.00124713;0.0686487
76;0.548247;0.0274124;0.00124713;0.178882
77;0.233408;0.0116704;0.00124713;0.0321046
78;0.195579;0.00977893;0.00124713;0.025949
79;0.143262;0.00716308;0.000835568;0.0298043
80;0.122282;0.00611409;0.000835568;0.0210356
81;0.118923;0.00594615;7.90216e-005;0.0248
82;0.0718378;0.00359189;7.90216e-005;0.0127735
83;0.0651163;0.00325582;7.90216e-005;0.011895
84;0.0582553;0.00291277;7.90216e-005;0.011895
85;0.0502186;0.00251093;7.90216e-005;0.011895
86;0.0256633;0.00128316;7.90216e-005;0.00414356
87;0.0204271;0.00102135;7.90216e-005;0.00297761
88;0.0205261;0.0010263;7.17173e-005;0.00410176
89;0.0201804;0.00100902;3.04049e-005;0.00932048
90;0.012142;0.000607101;3.04049e-005;0.00216463
91;0.011043;0.000552148;3.04049e-005;0.00163918
92;0.00915628;0.000457814;2.74048e-005;0.00224549
93;0.00837183;0.000418591;2.74048e-005;0.00141261
94;0.00732581;0.00036629;1.04315e-005;0.00293702
95;0.00262033;0.000131017;1.04315e-005;0.000561792
96;0.00118941;5.94704e-005;8.49872e-006;0.000212731
1;1633.94;81.6968;73.7868;93.0001
2;2122.39;106.12;37.4187;233.337
3;1743.35;87.1676;20.6019;221.002
4;1512.99;75.6496;20.6019;204.78
5;1534.15;76.7074;0;279.216
1;1716.08;85.8042;65.7981;100.25
2;2293.16;114.658;33.9487;210.047
3;3758.2;187.91;28.452;497.314
4;2153.78;107.689;17.4764;211.206
5;1833.57;91.6785;17.4764;198.711
6;1822.67;91.1335;17.4764;335.224
7;1864.92;93.246;17.0982;335.224
8;1279.39;63.9694;17.0982;152.447
9;1106.39;55.3195;9.97614;145.619
10;870.995;43.5497;9.97614;154.225
11;680.719;34.036;7.10385;86.9112
12;689.729;34.4864;7.10385;78.2942
13;837.22;41.861;5.82723;158.641
14;1081.1;54.0552;3.89756;155.952
15;1161.78;58.0892;3.89756;140.604
16;1493.36;74.668;1.4887;333.307
17;686.359;34.318;1.46268;140.604
18;636.626;31.8313;1.46268;130.509
19;383.874;19.1937;1.46268;33.1108
20;308.994;15.4497;1.46268;50.2023
21;370.552;18.5276;1.46268;42.161
22;369.826;18.4913;1.46268;46.323
23;229.36;11.468;1.46268;40.5051
24;212.673;10.6337;1.15599;53.1695
25;117.329;5.86647;1.15599;22.3363
26;125.33;6.26651;0;19.3339
1;1713.06;85.6529;70.3504;108.516
2;2076.26;103.813;35.1293;223.621
3;2839.77;141.989;28.1286;293.575
4;2016.74;100.837;26.0147;182.847
5;2275.98;113.799;19.4016;351.208
6;1880.38;94.0191;5.96788;673.141
7;1328.9;66.4449;5.96788;254.778
8;681.573;34.0786;3.32032;129.624
9;637.935;31.8968;3.32032;129.624
10;724.618;36.2309;2.1085;137.219
11;980.045;49.0023;1.82621;210.269
12;750.696;37.5348;1.17191;137.219
13;482.209;24.1105;1.17191;63.7238
14;464.22;23.211;1.17191;56.9953
15;458.794;22.9397;1.17191;83.9069
16;217.873;10.8936;1.17191;78.0827
17;118.98;5.94899;1.17191;25.9142
18;77.4734;3.87367;1.17191;10.442
19;78.6033;3.93016;1.0401;10.0263
20;59.6026;2.98013;1.0401;7.33832
21;54.8565;2.74282;1.0401;8.04698
22;44.9219;2.2461;1.0401;7.33832
23;31.6512;1.58256;1.00886;3.91389
24;31.8438;1.59219;0.789034;3.91389
25;28.6216;1.43108;0.789034;2.11292
26;34.4627;1.72313;0.71885;4.40455
27;23.7627;1.18814;0.71885;2.01761
28;22.0696;1.10348;0.71885;1.74051
29;21.3922;1.06961;0.0957133;1.52427
30;19.2514;0.962571;0.0957133;1.34353
31;20.7563;1.03782;0;1.53384
1;1672.37;83.6183;70.7704;100.87
2;2064.79;103.239;36.3865;220.421
3;2169.9;108.495;24.4804;480.825
4;1694.1;84.705;24.4804;246.69
5;1758.76;87.9379;11.4756;198.35
6;1427.66;71.383;11.4756;171.53
7;1336;66.8002;11.4756;213.741
8;1272.72;63.6362;8.06418;213.741
9;1745.51;87.2755;6.08881;191.847
10;1439.66;71.9828;6.08881;234.571
11;934.188;46.7094;6.08881;135.768
12;953.999;47.7;2.34399;267.566
13;840.907;42.0454;2.34399;119.807
14;856.069;42.8035;2.34399;142.979
15;567.749;28.3874;2.34399;104.006
16;489.219;24.461;2.34399;62.586
17;410.591;20.5296;1.73056;83.4429
18;233.9;11.695;1.73056;37.2393
19;218.657;10.9329;1.59317;35.5344
20;161.347;8.06734;1.59317;16.603
21;168.108;8.40539;1.36784;22.2924
22;155.553;7.77765;1.36784;18.1851
23;214.899;10.7449;1.18916;50.6441
24;135.247;6.76233;1.18916;19.6596
25;118.618;5.93092;1.18916;19.6596
26;106.054;5.30271;1.18916;19.6596
27;53.363;2.66815;1.18916;8.84203
28;50.5291;2.52645;1.05435;6.70342
29;40.7557;2.03779;1.05435;5.38982
30;41.7404;2.08702;1.04051;8.27181
31;32.4878;1.62439;1.04051;2.43774
32;27.6372;1.38186;1.04051;2.19287
33;27.1235;1.35617;0.979984;2.23894
34;26.0714;1.30357;0.959667;1.99325
35;24.6182;1.23091;0.959667;2.04635
36;24.8346;1.24173;0.918817;2.25739
37;22.887;1.14435;0.23648;2.14494
38;20.2412;1.01206;0.23648;1.44551
39;19.0796;0.953981;0.221998;1.41009
40;17.9855;0.899276;0.221998;1.13356
41;18.3243;0.916213;0.221998;1.24356
42;18.8502;0.942512;0.221998;1.31085
43;17.8847;0.894236;0.221998;1.33598
44;16.7933;0.839665;0.221998;1.08021
45;15.5617;0.778086;0.221998;1.09316
46;15.9501;0.797504;0.221998;1.05609
47;13.953;0.697651;0.221998;1.08338
48;10.8805;0.544027;0.221998;1.02199
49;10.815;0.540752;0.221998;0.985377
50;10.4945;0.524723;0.00346649;0.997427
51;7.79676;0.389838;0.00346649;0.961825
52;6.20682;0.310341;0.00346649;0.994057
53;5.39029;0.269515;0.00346649;0.888211
54;4.68349;0.234175;0.00346649;0.626911
55;3.0068;0.15034;0.00346649;0.403754
56;2.39171;0.119585;0.00346649;0.306193
57;2.30364;0.115182;0.00346649;0.287119
58;2.48603;0.124301;0.00296604;0.574729
59;1.93722;0.096861;0.00159866;0.469989
60;1.18384;0.0591918;0.00159866;0.192221
61;1.06094;0.0530472;0.000276525;0.143339
62;0.807078;0.0403539;0.000276525;0.0888073
63;0.481147;0.0240573;0.000276525;0.0698491
64;0.298574;0.0149287;0.000276525;0.0698491
65;0.203403;0.0101701;0.000276525;0.0241546
66;0.166885;0.00834424;0.000276525;0.0382009
67;0.124606;0.00623031;2.49842e-005;0.0364649
68;0.126301;0.00631506;2.49842e-005;0.0364649
69;0.0795652;0.00397826;2.49842e-005;0.01361
70;0.0690773;0.00345387;2.49842e-005;0.012063
71;0.0718018;0.00359009;2.49842e-005;0.0102442
72;0.0705341;0.00352671;2.49842e-005;0.0101743
73;0.062829;0.00314145;2.49842e-005;0.0101743
74;0.100064;0.00500321;2.49842e-005;0.018479
75;0.0986903;0.00493452;1.07613e-005;0.0220275
76;0.0721622;0.00360811;1.07613e-005;0.0167042
77;0.0452377;0.00226188;1.07613e-005;0.00713783
78;0.0302594;0.00151297;1.07613e-005;0.00536728
79;0.0233086;0.00116543;1.07613e-005;0.00674364
80;0.0156522;0.000782608;1.07613e-005;0.00376915
81;0.016392;0.000819602;1.07613e-005;0.00347824
82;0.0136802;0.00068401;1.07613e-005;0.00405104
83;0.00526502;0.000263251;1.07613e-005;0.000702353
84;0.00341488;0.000170744;1.07613e-005;0.000484318
85;0.00213223;0.000106611;1.07613e-005;0.000246344
86;0.00170275;8.51375e-005;1.07613e-005;0.000187758
87;0.00227961;0.000113981;6.06302e-006;0.000380533
1;1652.38;82.6192;68.7239;97.1878
2;2234.44;111.722;37.1332;248.395
3;3392.36;169.618;27.5788;497.954
4;3324.96;166.248;22.3636;600.226
5;2567.07;128.354;22.3636;270.309
6;3473.65;173.682;22.3636;726.79
7;1988.78;99.4391;22.3636;315.881
8;1973.08;98.6541;16.93;315.881
9;1528.72;76.4362;16.93;281.852
10;1032.81;51.6403;12.2384;146.638
11;1080.57;54.0283;12.2384;113.983
12;1081.42;54.071;12.2384;179.841
13;1056.52;52.8262;11.6132;172.683
14;813.773;40.6887;6.4226;241.363
15;695.195;34.7598;5.20541;151.944
16;434.397;21.7198;5.20541;102.973
17;344.657;17.2328;5.20541;39.1645
18;453.788;22.6894;2.72699;116.541
19;294.516;14.7258;2.72699;57.3546
20;280.116;14.0058;2.72699;56.0513
21;308.832;15.4416;2.06882;47.35
22;235.243;11.7622;1.63644;29.4619
23;149.908;7.4954;1.63644;19.0767
24;180.313;9.01563;1.3722;19.7679
25;198.902;9.94509;1.3722;19.7679
26;154.285;7.71427;1.3722;18.4716
27;109.954;5.49768;1.3722;12.7719
28;82.9769;4.14885;1.16314;19.0282
29;71.4431;3.57215;1.16314;7.97279
30;59.129;2.95645;1.16314;6.79707
31;60.6768;3.03384;1.16314;5.4352
32;65.2532;3.26266;1.16314;7.16724
33;62.0308;3.10154;1.16314;8.00777
34;60.1246;3.00623;1.16314;8.31396
35;55.2082;2.76041;1.16314;6.02575
36;57.0668;2.85334;1.11165;7.68799
37;43.2958;2.16479;1.11165;5.55043
38;44.5985;2.22993;1.0797;14.5349
39;29.0985;1.45492;1.05433;3.1887
40;28.0684;1.40342;1.05433;2.80834
41;29.0684;1.45342;1.02373;2.61404
42;28.0817;1.40408;1.02373;2.39793
43;26.5292;1.32646;1.02373;1.68778
44;27.0851;1.35426;1.02373;2.10622
45;27.5608;1.37804;1.02373;2.10622
46;29.7186;1.48593;0.253179;3.61411
47;36.1749;1.80875;0.253179;3.61411
48;28.2907;1.41453;0.253179;2.93058
49;28.155;1.40775;0.253179;3.30424
50;27.4325;1.37163;0.253179;2.49235
51;23.9496;1.19748;0.253179;2.49235
52;22.5457;1.12729;0.253179;1.69597
53;20.8461;1.0423;0.253179;1.69597
54;16.3183;0.815917;0.253179;1.19112
55;15.1517;0.757585;0.110269;1.46887
56;12.0822;0.60411;0.110269;1.14967
57;8.37894;0.418947;0.110269;0.876196
58;9.23711;0.461855;0.028161;0.926339
59;8.34817;0.417408;0.0226219;1.02303
60;7.53287;0.376644;0.0226219;1.05506
61;5.01551;0.250776;0.0226219;0.694425
62;3.91669;0.195835;0.00992068;0.453447
63;4.5245;0.226225;0.00861671;0.651004
64;3.98493;0.199247;0.00861671;0.627427
65;3.49408;0.174704;0.00861671;0.449035
66;3.18411;0.159205;0.00861671;0.463484
67;2.09845;0.104923;0.00675447;0.241745
68;2.24282;0.112141;0.00303816;0.357547
69;1.76984;0.0884922;0.00303816;0.173827
70;1.28133;0.0640667;0.00159449;0.352231
71;0.775806;0.0387903;0.00159449;0.221739
72;0.259099;0.0129549;0.00159449;0.0423218
73;0.210724;0.0105362;0.000157484;0.0471501
74;0.176519;0.00882594;0.000157484;0.0358366
75;0.13179;0.00658951;0;0.0274578
1;1711.39;85.5697;70.7968;95.9658
2;2151.47;107.574;40.6273;234.1
3;2041.46;102.073;27.7723;264.254
4;1647.32;82.3658;16.3505;210.772
5;1564.98;78.2488;16.3505;269.213
6;1397.6;69.8799;16.3505;176.756
7;1687.32;84.3662;16.3505;327.798
8;1105.04;55.2522;12.6869;158.706
9;744.318;37.2159;12.6869;76.3861
10;687.442;34.3721;11.9515;67.0246
11;616.25;30.8125;11.9515;62.9642
12;638.614;31.9307;0;94.8482
1;1673.28;83.664;72.6101;100.318
2;2240.35;112.018;37.3107;204.828
3;2880.05;144.002;37.3107;522.399
4;3762.66;188.133;0;718.34
1;1708.68;85.434;72.2309;94.3242
2;2425.29;121.264;38.7864;240.663
3;1986.99;99.3495;21.3889;214.619
4;1880.55;94.0276;21.3889;378.035
5;1973.22;98.661;19.2104;266.02
6;2230.45;111.523;0;287.324
1;1669.93;83.4965;71.0495;94.9908
2;2343.44;117.172;33.6036;215.839
3;2170.32;108.516;20.6034;499.662
4;1646.54;82.3268;20.6034;213.186
5;1643.42;82.171;20.6034;187.706
6;1920.94;96.0471;7.88898;351.414
7;1346.24;67.312;7.88898;232.78
8;1293.35;64.6674;7.88898;181.428
9;1200.68;60.0341;3.35912;300.014
10;926.413;46.3206;3.35912;113.822
11;742.31;37.1155;3.35912;114.884
12;545.988;27.2994;3.35912;131.376
13;368.938;18.4469;3.35912;47.4347
14;236.24;11.812;3.04389;47.4347
15;141.071;7.05356;3.04389;15.4541
16;128.377;6.41887;1.3937;15.1576
17;88.2484;4.41242;1.3937;11.7452
18;87.3246;4.36623;1.35889;31.7244
19;76.9025;3.84513;1.10252;9.84818
20;70.2753;3.51377;1.06302;9.70267
21;66.6159;3.33079;1.00018;13.6996
22;66.6618;3.33309;1.00018;10.7667
23;56.4838;2.82419;1.00018;6.45395
24;42.8659;2.14329;1.00018;4.23408
25;37.8482;1.89241;1.00018;4.66213
26;38.049;1.90245;0.934085;10.2261
27;26.4938;1.32469;0.715976;2.38931
28;24.8104;1.24052;0.630018;2.18754
29;24.0191;1.20095;0.630018;1.76509
30;23.9545;1.19773;0.630018;1.66689
31;23.4476;1.17238;0.630018;1.5349
32;22.5337;1.12668;0.630018;1.5349
33;21.8314;1.09157;0.630018;1.30438
34;21.6798;1.08399;0.630018;1.24352
35;21.3689;1.06845;0.511988;1.38048
36;19.902;0.995099;0.439906;1.29556
37;19.2485;0.962425;0.439906;1.23943
38;18.3923;0.919614;0.439906;1.1443
39;17.0336;0.851678;0.0380277;1.12213
40;17.0811;0.854053;0.0380277;1.09361
41;17.097;0.854851;0.0272764;1.07546
42;16.2382;0.811911;0.0272764;1.06578
43;14.0775;0.703877;0.0272764;1.00668
44;12.7172;0.635858;0.0272764;1.03905
45;10.3195;0.515974;0.0272764;1.03814
46;9.44709;0.472355;0.0272764;0.899165
47;9.02776;0.451388;0.0272764;0.995716
48;7.98038;0.399019;0.0272764;0.955352
49;6.75885;0.337942;0.0272764;0.678796
50;6.12232;0.306116;0.0272764;0.905209
51;6.11649;0.305825;0.00237169;1.0371
52;4.4095;0.220475;0.00237169;0.697626
53;3.93897;0.196949;0.00237169;0.676229
54;3.22111;0.161055;0.00237169;0.58052
55;2.31219;0.11561;0.00237169;0.330291
56;1.79215;0.0896075;0.00237169;0.468564
57;0.875887;0.0437944;0.00237169;0.128773
58;0.632562;0.0316281;0.00237169;0.0678733
59;0.633667;0.0316834;0.00237169;0.107974
60;0.509748;0.0254874;0.00237169;0.106916
61;0.367571;0.0183786;0.00237169;0.0528293
62;0.285303;0.0142652;0.000578622;0.0557104
63;0.173713;0.00868567;0.000578622;0.0176517
64;0.20089;0.0100445;0.00032894;0.0500344
65;0.183379;0.00916895;0.00032894;0.028619
66;0.115195;0.00575976;0.00032894;0.0162324
67;0.116953;0.00584767;0.00032894;0.0178052
68;0.0886464;0.00443232;0.00032894;0.0178052
69;0.0829488;0.00414744;0.000130785;0.0166381
70;0.102463;0.00512316;0.000130785;0.0166381
71;-1.#QNAN;-1.#QNAN;0.000130785;0.0631819
72;-1.#QNAN;-1.#QNAN;0;1.32408e+162
1;1677.05;83.8527;73.8282;95.9202
2;2376.65;118.833;33.8838;215.646
3;2572.43;128.622;21.0263;562.505
4;3064.82;153.241;21.0263;505.017
5;4104;205.2;13.7145;498.377
6;4203.42;210.171;13.7145;498.377
7;4168.45;208.422;13.7145;514.206
8;3006.01;150.301;13.7145;407.761
9;2282.57;114.128;13.7145;380.266
10;2053.25;102.662;5.85575;459.526
11;3048.76;152.438;5.85575;459.526
12;2345.76;117.288;5.85575;459.526
13;1475.01;73.7507;5.85575;274.499
14;1434.9;71.7452;5.2026;274.499
15;1942.42;97.1208;4.10532;622.604
16;1063.89;53.1947;4.10532;250.009
17;1119.54;55.9768;2.49684;232.437
18;1340.39;67.0194;2.49684;270.79
19;1183.18;59.1589;2.49684;203.13
20;1154.72;57.736;2.49684;197.436
21;1021.6;51.0802;2.49684;255.98
22;1067.87;53.3934;2.49684;190.652
23;909.585;45.4793;2.49684;139.727
24;922.287;46.1144;2.49684;143.9
25;725.023;36.2512;1.97489;128.261
26;395.911;19.7955;1.97489;83.9597
27;531.245;26.5622;1.97489;103.376
28;614.272;30.7136;1.25174;137.544
29;499.054;24.9527;1.25174;103.376
30;507.23;25.3615;1.25174;79.5709
31;396.785;19.8393;1.25174;111.363
32;339.179;16.9589;1.08428;72.5589
33;275.365;13.7683;1.08428;50.8446
34;340.044;17.0022;1.08428;50.8446
35;296.386;14.8193;1.08428;50.8446
36;267.079;13.3539;1.08428;40.08
37;198.046;9.90231;1.08428;56.6055
38;161.62;8.08102;1.08428;21.9689
39;142.89;7.14448;1.08428;30.4958
40;157.756;7.88779;1.03907;17.5011
41;162.446;8.12229;1.03907;46.8257
42;173.992;8.69959;1.03907;29.4068
43;127.414;6.37071;1.03907;42.3529
44;68.6566;3.43283;1.03907;8.77191
45;67.1208;3.35604;1.03907;8.77191
46;44.8898;2.24449;1.03907;6.93976
47;42.9346;2.14673;1.03145;7.92814
48;42.8932;2.14466;1.03145;7.05034
49;37.2134;1.86067;1.0084;7.98106
50;33.0601;1.653;1.0084;3.62842
51;37.7881;1.88941;1.0084;8.92271
52;27.4032;1.37016;0.976583;3.41519
53;23.6416;1.18208;0.976583;1.70338
54;22.0571;1.10285;0.976583;1.29055
55;21.6458;1.08229;0.654309;1.69345
56;21.6426;1.08213;0.460512;2.07351
57;21.2032;1.06016;0.460512;1.33961
58;20.687;1.03435;0.460512;1.29605
59;19.1722;0.958611;0.460512;1.15219
60;19.1244;0.956218;0.460512;1.15219
61;19.1975;0.959874;0.460512;1.11853
62;19.1889;0.959447;0.460512;1.11853
63;19.2542;0.962708;0.460512;1.14529
64;19.6911;0.984557;0.460512;1.21924
65;17.8267;0.891335;0.223478;1.18474
66;19.3376;0.966881;0.223478;1.12617
67;17.9903;0.899517;0.223478;1.11543
68;17.8822;0.89411;0.131377;1.15854
69;15.5153;0.775766;0.131377;1.12837
70;12.3429;0.617146;0.0333116;1.21403
71;9.95732;0.497866;0.0333116;1.05076
72;7.2492;0.36246;0.0333116;0.92093
73;6.76362;0.338181;0.0333116;0.935865
74;5.98006;0.299003;0.016432;0.817101
75;4.90378;0.245189;0.016432;0.861851
76;4.40161;0.22008;0.016432;0.643893
77;3.88633;0.194316;0.016432;0.643893
78;4.00162;0.200081;0.00601165;0.643893
79;3.57577;0.178788;0.00601165;0.649709
80;2.53388;0.126694;0.00601165;0.305037
81;1.75097;0.0875485;0.00601165;0.305037
82;1.74015;0.0870074;0.00480411;0.353396
83;1.40786;0.0703929;0.00480411;0.265057
84;1.28786;0.0643929;0.00480411;0.159886
85;1.20809;0.0604045;0.00480411;0.159886
86;1.17433;0.0587167;0.0024403;0.223778
87;1.25257;0.0626285;0.000704375;0.405751
88;0.461213;0.0230606;0.000704375;0.103286
89;0.405132;0.0202566;0.000704375;0.0917801
90;0.290612;0.0145306;0.000704375;0.0521898
91;0.353079;0.0176539;0.000704375;0.0832567
92;0.329444;0.0164722;0.000704375;0.0635065
93;0.439721;0.021986;0;0.0808566
1;1670.38;83.5188;74.5657;101.42
2;2074.4;103.72;36.4708;208.079
3;2415.18;120.759;25.2989;221.613
4;2761.68;138.084;18.4987;414.582
5;2220.23;111.012;18.4987;300.388
6;1977.72;98.8858;18.4987;227.302
7;2045.2;102.26;7.39007;455.668
8;1822.64;91.132;7.39007;194.204
9;2281.01;114.051;2.29749;687.67
10;2126.87;106.343;2.29749;687.67
11;757.117;37.8559;2.29749;109.054
12;942.828;47.1414;1.72721;170.974
13;788.978;39.4489;1.72721;141.474
14;664.848;33.2424;1.72721;190.185
15;386.502;19.3251;1.72721;65.6477
16;269.038;13.4519;1.72721;34.1809
17;220.528;11.0264;1.72721;26.8404
18;200.435;10.0218;1.72721;37.3029
19;230.008;11.5004;1.51229;60.0081
20;175.988;8.7994;1.51229;23.6969
21;121.405;6.07027;1.05515;23.6969
22;123.255;6.16275;1.05515;23.6969
23;104.836;5.24182;1.05515;21.7471
24;76.8005;3.84002;1.05515;8.31253
25;66.4036;3.32018;1.05515;7.98005
26;67.9918;3.39959;1.05515;6.62011
27;58.2801;2.914;1.05515;7.93788
28;56.4305;2.82153;1.05515;14.038
29;49.548;2.4774;1.05515;5.80787
30;31.5199;1.57599;1.05515;3.31683
31;33.8294;1.69147;1.05395;3.18526
32;29.992;1.4996;1.03957;2.71534
33;29.6741;1.4837;1.03957;2.26713
34;28.7778;1.43889;1.03957;2.6824
35;29.992;1.4996;0.935861;3.54983
36;27.0396;1.35198;0.935861;1.82815
37;26.9382;1.34691;0.935861;1.77649
38;28.1765;1.40882;0.935861;2.40986
39;30.3064;1.51532;0.935861;2.40986
40;30.8202;1.54101;0.935861;3.41322
41;29.0767;1.45384;0.935861;2.92424
42;26.5986;1.32993;0.810047;2.65404
43;23.8685;1.19343;0.517411;1.95006
44;22.2677;1.11339;0.517411;1.69113
45;19.978;0.998902;0.517411;1.20212
46;20.1201;1.00601;0.517411;1.22852
47;19.8019;0.990096;0.517411;1.09653
48;19.7137;0.985684;0.447957;1.23636
49;20.3952;1.01976;0.318979;1.23873
50;20.3675;1.01837;0.162456;1.30418
51;19.0786;0.95393;0.162456;1.17975
52;18.3732;0.918659;0.162456;1.21818
53;18.3189;0.915945;0.162456;1.17726
54;14.4802;0.724008;0.162456;1.17726
55;12.9524;0.647618;0.0322218;1.23221
56;13.2757;0.663783;0.0322218;1.03171
57;11.603;0.580152;0.0322218;1.04349
58;12.8272;0.64136;0.0322218;1.11048
59;12.3577;0.617886;0.0322218;1.14201
60;11.2294;0.561469;0.0322218;1.07876
61;10.6412;0.532061;0.0322218;1.07876
62;7.92805;0.396402;0.0322218;0.847157
63;6.89754;0.344877;0.0322218;0.759371
64;6.28528;0.314264;0.0322218;0.711192
65;6.46779;0.32339;0.0118883;1.04818
66;6.83581;0.341791;0.0118883;0.947641
67;6.2842;0.31421;0.0118883;0.693414
68;5.43864;0.271932;0.00233694;0.734669
69;4.26216;0.213108;0.00233694;0.659548
70;3.83543;0.191772;0.00233694;0.616812
71;2.3048;0.11524;0.00233694;0.355559
72;1.48871;0.0744357;0.00233694;0.136623
73;1.48976;0.0744881;0.00233694;0.111825
74;2.03759;0.10188;0.00124744;0.357025
75;2.24488;0.112244;0.00124744;0.448706
76;1.49347;0.0746737;0.00124744;0.231232
77;1.3233;0.0661648;0.00124744;0.231232
78;1.13583;0.0567916;0.00124744;0.144789
79;1.24002;0.0620008;0.00124744;0.172947
80;1.14785;0.0573923;0.00124744;0.173695
81;0.836002;0.0418001;0.00124744;0.14666
82;0.397877;0.0198938;0.00124744;0.0480201
83;0.244631;0.0122316;0.00124744;0.0480201
84;0.44051;0.0220255;0.00124744;0.0684733
85;0.473794;0.0236897;0.00124744;0.081142
86;0.414305;0.0207153;0.00124744;0.0565159
87;0.309368;0.0154684;0.00124744;0.0545739
88;0.287606;0.0143803;0.00124744;0.0545739
89;0.239549;0.0119774;0.000236868;0.0437058
90;0.26717;0.0133585;0.000236868;0.0437058
91;0.204747;0.0102373;0.000236868;0.0294882
92;0.188704;0.00943519;0.000138563;0.0356868
93;0.123619;0.00618096;0;0.0272848
1;1629.06;81.4532;65.5257;92.8161
2;2100.6;105.03;32.9528;243.889
3;2020.85;101.043;27.4222;232.68
4;2528.11;126.406;18.1185;450.549
5;3254.91;162.746;18.1185;453.606
6;3120.11;156.006;15.2097;594.674
7;3814.21;190.711;15.1505;594.674
8;5399.94;269.997;0;1070.65
1;1707.35;85.3673;72.0511;103.526
2;2327.5;116.375;36.8325;232.119
3;2337.95;116.898;19.2104;232.119
4;2533.91;126.696;19.2104;489.463
5;2822.28;141.114;19.2104;588.398
6;3091.03;154.552;14.9909;431.601
7;2215.27;110.764;14.9909;254.301
8;1821.15;91.0576;7.56575;589.656
9;1729.07;86.4537;7.44289;650.918
10;1165.3;58.2649;7.44289;160.837
11;746.278;37.3139;7.44289;111.987
12;544.493;27.2246;2.31278;106.292
13;426.588;21.3294;2.31278;62.6106
14;348.774;17.4387;2.31278;91.7777
15;272.985;13.6492;1.92046;40.2014
16;176.899;8.84497;1.92046;29.8237
17;117.52;5.87602;1.92046;14.4268
18;122.85;6.1425;1.74315;11.9172
19;120.216;6.01079;1.4662;23.9947
20;116.35;5.81752;1.34298;29.9945
21;80.1589;4.00795;1.33538;12.8359
22;105.529;5.27645;1.23829;12.0381
23;93.5456;4.67728;1.09493;11.4577
24;76.3319;3.81659;1.09493;13.7353
25;67.1267;3.35634;1.06842;22.4018
26;35.783;1.78915;0;3.35608
1;1694.7;84.735;65.6802;98.9949
2;2334.6;116.73;36.4876;237.385
3;2813.07;140.653;18.7614;510.162
4;2742.4;137.12;18.7614;505.446
5;1832.31;91.6155;15.8507;223.508
6;1382.71;69.1357;15.8507;167.073
7;1759.98;87.999;15.8507;272.791
8;1722.12;86.1058;12.1019;521.496
9;2309.84;115.492;9.96861;416.705
10;2272.01;113.6;4.7019;414.817
11;2458.87;122.944;4.7019;493.753
12;1932.23;96.6115;4.7019;440.504
13;1518.63;75.9315;4.7019;210.908
14;1194.41;59.7206;4.7019;173.364
15;992.99;49.6495;3.68198;210.568
16;625.128;31.2564;3.68198;75.6902
17;630.184;31.5092;3.68198;87.4827
18;445.489;22.2745;1.99324;62.3501
19;384.978;19.2489;1.99324;97.4592
20;275.376;13.7688;1.99324;32.4828
21;202.74;10.137;1.99324;32.3781
22;262.445;13.1222;0;38.184
1;1676.12;83.806;64.2989;94.4011
2;2233.92;111.696;35.0626;216.504
3;2009.65;100.482;19.4763;252.417
4;1897.32;94.8661;13.7922;232.792
5;1858.28;92.9138;13.7922;227.332
6;1528.42;76.421;13.7922;223.155
7;1172.17;58.6085;13.7922;125.798
8;1351.58;67.579;13.7922;177.864
9;1151.2;57.5601;13.7922;168.842
10;838.127;41.9064;7.90995;118.547
11;897.597;44.8798;2.02417;120.532
12;816.275;40.8137;2.02417;152.501
13;700.074;35.0037;2.02417;84.6641
14;831.591;41.5795;2.02417;154.784
15;494.652;24.7326;2.02417;76.0432
16;316.143;15.8072;2.02417;41.1036
17;299.234;14.9617;2.02417;58.6394
18;304.602;15.2301;1.6258;39.1158
19;207.558;10.3779;1.6258;50.6252
20;206.168;10.3084;1.62007;29.1327
21;248.872;12.4436;1.38076;48.7196
22;124.124;6.20621;1.38076;25.279
23;116.838;5.84189;0.803303;27.288
24;90.2287;4.51144;0.803303;13.2177
25;52.9327;2.64664;0.803303;5.84815
26;44.493;2.22465;0.803303;6.52687
27;35.7142;1.78571;0.803303;3.37365
28;35.5876;1.77938;0.803303;4.33041
29;31.4596;1.57298;0.803303;4.33041
30;29.1476;1.45738;0.803303;2.40762
31;26.2309;1.31154;0.803303;2.06636
32;24.7073;1.23536;0.803303;2.06636
33;21.9847;1.09923;0.589341;1.75499
34;20.8423;1.04212;0.545969;1.29194
35;20.3883;1.01941;0.545969;1.30498
36;18.8795;0.943976;0.312884;1.26576
37;19.5982;0.979909;0.200575;1.23435
38;19.3184;0.965921;0.200575;1.18629
39;19.2724;0.963622;0.200575;1.22134
40;18.664;0.933199;0.200575;1.23619
41;17.746;0.887302;0.200575;1.23619
42;17.9264;0.896322;0.200575;1.12876
43;16.8447;0.842237;0.200575;1.19188
44;16.1551;0.807754;0.167851;1.14369
45;15.5902;0.779512;0.167851;1.18544
46;15.7715;0.788573;0.167851;1.07656
47;13.3791;0.668957;0.0836223;1.07656
48;11.078;0.553902;0.0790008;1.24537
49;9.73326;0.486663;0.0477146;1.06238
50;8.75753;0.437877;0.0477146;1.07203
51;9.57884;0.478942;0.0275647;1.06176
52;11.1206;0.556028;0.0211273;1.12408
53;8.88937;0.444468;0.0211273;1.03388
54;10.2337;0.511687;0.0211273;0.927184
55;7.85519;0.39276;0.0211273;0.948371
56;5.78197;0.289098;0.0211273;0.833537
57;4.56539;0.22827;0.00952352;0.573651
58;4.48559;0.224279;0.00952352;0.482821
59;3.13553;0.156777;0.00952352;0.463376
60;3.52922;0.176461;0.00952352;0.487007
61;2.06033;0.103017;0.00952352;0.267601
62;2.54246;0.127123;0.000656432;0.577885
63;1.6644;0.0832201;0.000656432;0.392897
64;2.29086;0.114543;0.000656432;0.505286
65;1.6359;0.0817948;0.000656432;0.392897
66;1.12663;0.0563317;0;0.166179
